name,rarity,source,details,wiki_page,image_url
Farming Talisman,COMMON,Crafting Recipe,Wheat Collection IV,https://wiki.hypixel.net/Farming_Talisman,https://wiki.hypixel.net/images/5/5a/SkyBlock_items_farming_talisman.png
Vaccine Talisman,COMMON,Crafting Recipe,Potato Collection III,https://wiki.hypixel.net/Vaccine_Talisman,https://wiki.hypixel.net/images/5/50/SkyBlock_items_vaccine_talisman.png
Farmer Orb,UNCOMMON,Crafting Recipe,Pumpkin Collection VI,https://wiki.hypixel.net/Farmer_Orb,https://wiki.hypixel.net/images/c/c4/SkyBlock_items_farmer_orb.png
Night Vision Charm,COMMON,Crafting Recipe,Mushroom Collection VII,https://wiki.hypixel.net/Night_Vision_Charm,https://wiki.hypixel.net/images/2/2d/SkyBlock_items_night_vision_charm.png
Speed Talisman,COMMON,Crafting Recipe,Sugar Cane Collection II,https://wiki.hypixel.net/Speed_Talisman,https://wiki.hypixel.net/images/c/c3/SkyBlock_items_speed_talisman.png
Speed Ring,UNCOMMON,Crafting Recipe,Sugar Cane Collection V,https://wiki.hypixel.net/Speed_Ring,https://wiki.hypixel.net/images/5/58/SkyBlock_items_speed_ring.png
Speed Artifact,RARE,Crafting Recipe,Sugar Cane Collection VIII,https://wiki.hypixel.net/Speed_Artifact,https://wiki.hypixel.net/images/5/5c/SkyBlock_items_speed_artifact.png
Potion Affinity Talisman,COMMON,Crafting Recipe,Nether Wart Collection III,https://wiki.hypixel.net/Potion_Affinity_Talisman,https://wiki.hypixel.net/images/1/17/SkyBlock_items_potion_affinity_talisman.png
Potion Affinity Ring,UNCOMMON,Crafting Recipe,Nether Wart Collection VII,https://wiki.hypixel.net/Potion_Affinity_Ring,https://wiki.hypixel.net/images/f/f0/SkyBlock_items_ring_potion_affinity.png
Potion Affinity Artifact,RARE,Crafting Recipe,Nether Wart Collection IX,https://wiki.hypixel.net/Potion_Affinity_Artifact,https://wiki.hypixel.net/images/9/9c/SkyBlock_items_artifact_potion_affinity.png
Feather Talisman,COMMON,Crafting Recipe,Feather Collection IV,https://wiki.hypixel.net/Feather_Talisman,https://wiki.hypixel.net/images/b/bd/SkyBlock_items_feather_talisman.png
Feather Ring,UNCOMMON,Crafting Recipe,Feather Collection VII,https://wiki.hypixel.net/Feather_Ring,https://wiki.hypixel.net/images/a/a9/SkyBlock_items_feather_ring.png
Feather Artifact,RARE,Crafting Recipe,Feather Collection IX,https://wiki.hypixel.net/Feather_Artifact,https://wiki.hypixel.net/images/2/29/SkyBlock_items_feather_artifact.png
Piggy Bank,UNCOMMON,Crafting Recipe,Raw Porkchop Collection V,https://wiki.hypixel.net/Piggy_Bank,https://wiki.hypixel.net/images/a/a6/SkyBlock_items_piggy_bank.png
Haste Ring,RARE,Crafting Recipe,Cobblestone Collection VII,https://wiki.hypixel.net/Haste_Ring,https://wiki.hypixel.net/images/0/01/SkyBlock_items_haste_ring.png
Haste Artifact,EPIC,Crafting Recipe,Cobblestone Collection IX,https://wiki.hypixel.net/Haste_Artifact,https://wiki.hypixel.net/images/e/e7/SkyBlock_items_haste_artifact.png
Experience Artifact,EPIC,Crafting Recipe,Lapis Lazuli Collection IX,https://wiki.hypixel.net/Experience_Artifact,https://wiki.hypixel.net/images/4/4e/SkyBlock_items_enchanted_book.gif
Talisman Of Coins,COMMON,Crafting Recipe,Emerald Collection II,https://wiki.hypixel.net/Talisman_Of_Coins,https://wiki.hypixel.net/images/c/c5/SkyBlock_items_coin_talisman.png
Magnetic Talisman,UNCOMMON,Crafting Recipe,Emerald Collection III,https://wiki.hypixel.net/Magnetic_Talisman,https://wiki.hypixel.net/images/e/ec/SkyBlock_items_magnetic_talisman.png
Emerald Ring,UNCOMMON,Crafting Recipe,Emerald Collection V,https://wiki.hypixel.net/Emerald_Ring,https://wiki.hypixel.net/images/1/1e/SkyBlock_items_emerald_ring.png
Day Crystal,RARE,Crafting Recipe,Nether Quartz Collection VIII,https://wiki.hypixel.net/Day_Crystal,https://wiki.hypixel.net/images/1/16/SkyBlock_items_day_crystal.png
Night Crystal,RARE,Crafting Recipe,Nether Quartz Collection VII,https://wiki.hypixel.net/Night_Crystal,https://wiki.hypixel.net/images/5/5d/SkyBlock_items_night_crystal.png
Gravity Talisman,UNCOMMON,Crafting Recipe,Obsidian Collection III,https://wiki.hypixel.net/Gravity_Talisman,https://wiki.hypixel.net/images/f/f5/SkyBlock_items_gravity_talisman.png
Personal Compactor 4000,UNCOMMON,Crafting Recipe,Redstone Collection IX,https://wiki.hypixel.net/Personal_Compactor_4000,https://wiki.hypixel.net/images/b/bb/SkyBlock_items_enchanted_dropper.gif
Personal Compactor 5000,RARE,Crafting Recipe,Redstone Collection XI,https://wiki.hypixel.net/Personal_Compactor_5000,https://wiki.hypixel.net/images/b/bb/SkyBlock_items_enchanted_dropper.gif
Personal Compactor 6000,EPIC,Crafting Recipe,Redstone Collection XIII,https://wiki.hypixel.net/Personal_Compactor_6000,https://wiki.hypixel.net/images/b/bb/SkyBlock_items_enchanted_dropper.gif
Personal Compactor 7000,LEGENDARY,Crafting Recipe,Redstone Collection XIV,https://wiki.hypixel.net/Personal_Compactor_7000,https://wiki.hypixel.net/images/b/bb/SkyBlock_items_enchanted_dropper.gif
Personal Deletor 4000,UNCOMMON,Crafting Recipe,Iron Ingot Collection IX,https://wiki.hypixel.net/Personal_Deletor_4000,https://wiki.hypixel.net/images/4/4a/SkyBlock_items_enchanted_dispenser.gif
Personal Deletor 5000,RARE,Crafting Recipe,Iron Ingot Collection X,https://wiki.hypixel.net/Personal_Deletor_5000,https://wiki.hypixel.net/images/4/4a/SkyBlock_items_enchanted_dispenser.gif
Personal Deletor 6000,EPIC,Crafting Recipe,Iron Ingot Collection XI,https://wiki.hypixel.net/Personal_Deletor_6000,https://wiki.hypixel.net/images/4/4a/SkyBlock_items_enchanted_dispenser.gif
Personal Deletor 7000,LEGENDARY,Crafting Recipe,Iron Ingot Collection XII,https://wiki.hypixel.net/Personal_Deletor_7000,https://wiki.hypixel.net/images/4/4a/SkyBlock_items_enchanted_dispenser.gif
Talisman Of Power,COMMON,Crafting Recipe,Gemstone Collection IV,https://wiki.hypixel.net/Talisman_Of_Power,https://wiki.hypixel.net/images/8/86/SkyBlock_items_power_talisman.png
Ring Of Power,UNCOMMON,Crafting Recipe,Gemstone Collection VI,https://wiki.hypixel.net/Ring_Of_Power,https://wiki.hypixel.net/images/f/fc/SkyBlock_items_power_ring.png
Artifact Of Power,RARE,Crafting Recipe,Gemstone Collection X,https://wiki.hypixel.net/Artifact_Of_Power,https://wiki.hypixel.net/images/1/1c/SkyBlock_items_power_artifact.png
Fire Talisman,COMMON,Crafting Recipe,Blaze Rod Collection IV,https://wiki.hypixel.net/Fire_Talisman,https://wiki.hypixel.net/images/9/9f/SkyBlock_items_fire_talisman.png
Lava Talisman,UNCOMMON,Crafting Recipe,Magma Cream Collection VI,https://wiki.hypixel.net/Lava_Talisman,https://wiki.hypixel.net/images/8/81/SkyBlock_items_lava_talisman.png
Wood Affinity Talisman,UNCOMMON,Crafting Recipe,Oak Log Collection VIII,https://wiki.hypixel.net/Wood_Affinity_Talisman,https://wiki.hypixel.net/images/a/a1/SkyBlock_items_wood_talisman.png
Small Fish Bowl,COMMON,Crafting Recipe,Tender Wood Collection II,https://wiki.hypixel.net/Small_Fish_Bowl,https://wiki.hypixel.net/images/1/16/SkyBlock_items_small_fish_bowl.png
Medium Fish Bowl,UNCOMMON,Crafting Recipe,Tender Wood Collection IV,https://wiki.hypixel.net/Medium_Fish_Bowl,https://wiki.hypixel.net/images/0/05/SkyBlock_items_medium_fish_bowl.png
Large Fish Bowl,RARE,Crafting Recipe,Tender Wood Collection VI,https://wiki.hypixel.net/Large_Fish_Bowl,https://wiki.hypixel.net/images/f/f7/SkyBlock_items_large_fish_bowl.png
Pressure Talisman,COMMON,Crafting Recipe,Sea Lumies Collection V,https://wiki.hypixel.net/Pressure_Talisman,https://wiki.hypixel.net/images/e/e4/SkyBlock_items_pressure_talisman.png
Pressure Ring,UNCOMMON,Crafting Recipe,Sea Lumies Collection VII,https://wiki.hypixel.net/Pressure_Ring,https://wiki.hypixel.net/images/7/77/SkyBlock_items_pressure_ring.png
Pressure Artifact,RARE,Crafting Recipe,Sea Lumies Collection IX,https://wiki.hypixel.net/Pressure_Artifact,https://wiki.hypixel.net/images/b/bd/SkyBlock_items_pressure_artifact.png
Bait Ring,RARE,Crafting Recipe,Ink Sac Collection VIII,https://wiki.hypixel.net/Bait_Ring,https://wiki.hypixel.net/images/c/c7/SkyBlock_items_bait_ring.png
Sea Creature Talisman,COMMON,Crafting Recipe,Sponge Collection III,https://wiki.hypixel.net/Sea_Creature_Talisman,https://wiki.hypixel.net/images/2/2b/SkyBlock_items_sea_creature_talisman.png
Sea Creature Ring,UNCOMMON,Crafting Recipe,Sponge Collection VI,https://wiki.hypixel.net/Sea_Creature_Ring,https://wiki.hypixel.net/images/e/e0/SkyBlock_items_sea_creature_ring.png
Sea Creature Artifact,RARE,Crafting Recipe,Sponge Collection VIII,https://wiki.hypixel.net/Sea_Creature_Artifact,https://wiki.hypixel.net/images/6/62/SkyBlock_items_sea_creature_artifact.png
Healing Talisman,COMMON,Crafting Recipe,Lily Pad Collection III,https://wiki.hypixel.net/Healing_Talisman,https://wiki.hypixel.net/images/5/5a/SkyBlock_items_healing_talisman.png
Healing Ring,UNCOMMON,Crafting Recipe,Lily Pad Collection VIII,https://wiki.hypixel.net/Healing_Ring,https://wiki.hypixel.net/images/9/98/SkyBlock_items_healing_ring.png
Zombie Talisman,COMMON,Shop Purchase,Adventurer,https://wiki.hypixel.net/Zombie_Talisman,https://wiki.hypixel.net/images/4/40/Minecraft_items_zombie_head.png
Skeleton Talisman,COMMON,Shop Purchase,Adventurer,https://wiki.hypixel.net/Skeleton_Talisman,https://wiki.hypixel.net/images/c/cf/Minecraft_items_skeleton_skull.png
Village Affinity Talisman,COMMON,Shop Purchase,Adventurer,https://wiki.hypixel.net/Village_Affinity_Talisman,https://wiki.hypixel.net/images/d/db/SkyBlock_items_village_talisman.png
Mine Affinity Talisman,COMMON,Shop Purchase,Adventurer,https://wiki.hypixel.net/Mine_Affinity_Talisman,https://wiki.hypixel.net/images/4/4d/SkyBlock_items_mine_talisman.png
Intimidation Talisman,COMMON,Shop Purchase,Adventurer,https://wiki.hypixel.net/Intimidation_Talisman,https://wiki.hypixel.net/images/7/7d/SkyBlock_items_intimidation_talisman.png
Scavenger Talisman,COMMON,Shop Purchase,Adventurer,https://wiki.hypixel.net/Scavenger_Talisman,https://wiki.hypixel.net/images/6/63/SkyBlock_items_scavenger_talisman.png
Anita's Talisman,COMMON,Shop Purchase,Anita,https://wiki.hypixel.net/Anita%27s_Talisman,https://wiki.hypixel.net/images/6/66/SkyBlock_items_anita_talisman.png
Anita's Ring,UNCOMMON,Shop Purchase,Anita,https://wiki.hypixel.net/Anita%27s_Ring,https://wiki.hypixel.net/images/1/19/SkyBlock_items_anita_ring.png
Anita's Artifact,RARE,Shop Purchase,Anita,https://wiki.hypixel.net/Anita%27s_Artifact,https://wiki.hypixel.net/images/0/04/SkyBlock_items_anita_artifact.png
Pesthunter Badge,UNCOMMON,Shop Purchase,Phillip,https://wiki.hypixel.net/Pesthunter_Badge,https://wiki.hypixel.net/images/b/b6/SkyBlock_items_pesthunter_badge.png
Pesthunter Ring,RARE,Shop Purchase,Phillip,https://wiki.hypixel.net/Pesthunter_Ring,https://wiki.hypixel.net/images/f/f0/SkyBlock_items_pesthunter_ring.png
Pesthunter Artifact,EPIC,Shop Purchase,Phillip,https://wiki.hypixel.net/Pesthunter_Artifact,https://wiki.hypixel.net/images/0/0b/SkyBlock_items_pesthunter_artifact.png
Bits Talisman,RARE,Shop Purchase,Elizabeth,https://wiki.hypixel.net/Bits_Talisman,https://wiki.hypixel.net/images/c/c3/SkyBlock_items_bits_talisman.png
Sumsung© G3 Abicase,RARE,Shop Purchase,Elizabeth,https://wiki.hypixel.net/Sumsung%C2%A9_G3_Abicase,https://wiki.hypixel.net/images/8/81/SkyBlock_items_abicase_sumsung_1.png
Sumsung© GG Abicase,RARE,Shop Purchase,Elizabeth,https://wiki.hypixel.net/Sumsung%C2%A9_GG_Abicase,https://wiki.hypixel.net/images/9/96/SkyBlock_items_abicase_sumsung_2.png
Rezar® Abicase,RARE,Shop Purchase,Elizabeth,https://wiki.hypixel.net/Rezar%C2%AE_Abicase,https://wiki.hypixel.net/images/0/08/SkyBlock_items_abicase_rezar.png
Blue™ But Red Abicase,RARE,Shop Purchase,Elizabeth,https://wiki.hypixel.net/Blue%E2%84%A2_But_Red_Abicase,https://wiki.hypixel.net/images/0/0a/SkyBlock_items_abicase_blue_red.png
Actually Blue™ Abicase,RARE,Shop Purchase,Elizabeth,https://wiki.hypixel.net/Actually_Blue%E2%84%A2_Abicase,https://wiki.hypixel.net/images/d/db/SkyBlock_items_abicase_blue_blue.png
Blue™ But Green Abicase,RARE,Shop Purchase,Elizabeth,https://wiki.hypixel.net/Blue%E2%84%A2_But_Green_Abicase,https://wiki.hypixel.net/images/a/ab/SkyBlock_items_abicase_blue_green.png
Blue™ But Yellow Abicase,RARE,Shop Purchase,Elizabeth,https://wiki.hypixel.net/Blue%E2%84%A2_But_Yellow_Abicase,https://wiki.hypixel.net/images/7/7f/SkyBlock_items_abicase_blue_yellow.png
Lighter Blue™ Abicase,RARE,Shop Purchase,Elizabeth,https://wiki.hypixel.net/Lighter_Blue%E2%84%A2_Abicase,https://wiki.hypixel.net/images/0/0d/SkyBlock_items_abicase_blue_aqua.png
Jungle Amulet,UNCOMMON,Shop Purchase,Odawa,https://wiki.hypixel.net/Jungle_Amulet,https://wiki.hypixel.net/images/e/ea/SkyBlock_items_jungle_amulet.png
Bat Ring,EPIC,Shop Purchase,Fear Mongerer,https://wiki.hypixel.net/Bat_Ring,https://wiki.hypixel.net/images/f/f2/SkyBlock_items_bat_ring.png
Bat Artifact,LEGENDARY,Shop Purchase,Fear Mongerer,https://wiki.hypixel.net/Bat_Artifact,https://wiki.hypixel.net/images/f/f8/SkyBlock_items_bat_artifact.png
Candy Talisman,UNCOMMON,Shop Purchase,Fear Mongerer,https://wiki.hypixel.net/Candy_Talisman,https://wiki.hypixel.net/images/8/8f/SkyBlock_items_candy_talisman.png
Candy Ring,RARE,Shop Purchase,Fear Mongerer,https://wiki.hypixel.net/Candy_Ring,https://wiki.hypixel.net/images/a/aa/SkyBlock_items_candy_ring.png
Candy Artifact,EPIC,Shop Purchase,Fear Mongerer,https://wiki.hypixel.net/Candy_Artifact,https://wiki.hypixel.net/images/8/82/SkyBlock_items_candy_artifact.png
Candy Relic,LEGENDARY,Shop Purchase,Fear Mongerer,https://wiki.hypixel.net/Candy_Relic,https://wiki.hypixel.net/images/6/61/SkyBlock_items_candy_relic.png
Intimidation Ring,UNCOMMON,Shop Purchase,Fear Mongerer,https://wiki.hypixel.net/Intimidation_Ring,https://wiki.hypixel.net/images/3/38/SkyBlock_items_intimidation_ring.png
Intimidation Artifact,RARE,Shop Purchase,Fear Mongerer,https://wiki.hypixel.net/Intimidation_Artifact,https://wiki.hypixel.net/images/8/82/SkyBlock_items_intimidation_artifact.png
Bingo Talisman,COMMON,Shop Purchase,Bingo,https://wiki.hypixel.net/Bingo_Talisman,https://wiki.hypixel.net/images/9/93/SkyBlock_items_bingo_talisman.png
Bingo Ring,UNCOMMON,Shop Purchase,Bingo,https://wiki.hypixel.net/Bingo_Ring,https://wiki.hypixel.net/images/3/33/SkyBlock_items_bingo_ring.png
Bingo Artifact,RARE,Shop Purchase,Bingo,https://wiki.hypixel.net/Bingo_Artifact,https://wiki.hypixel.net/images/8/81/SkyBlock_items_bingo_artifact.png
Bingo Relic,EPIC,Shop Purchase,Bingo,https://wiki.hypixel.net/Bingo_Relic,https://wiki.hypixel.net/images/6/6f/SkyBlock_items_bingo_relic.png
Jacobus Register,LEGENDARY,Shop Purchase,Jacobus,https://wiki.hypixel.net/Jacobus_Register,https://wiki.hypixel.net/images/b/b4/SkyBlock_items_jacobus_register.png
Chumming Talisman,UNCOMMON,Shop Purchase,Moby,https://wiki.hypixel.net/Chumming_Talisman,https://wiki.hypixel.net/images/f/fa/SkyBlock_items_chumming_talisman.png
Trapper Crest,COMMON,Shop Purchase,Talbot,https://wiki.hypixel.net/Trapper_Crest,https://wiki.hypixel.net/images/f/f9/SkyBlock_items_trapper_crest.png
White Gift Talisman,COMMON,Shop Purchase,Einary,https://wiki.hypixel.net/White_Gift_Talisman,https://wiki.hypixel.net/images/5/5a/SkyBlock_items_white_gift_talisman.png
Green Gift Talisman,UNCOMMON,Shop Purchase,Einary,https://wiki.hypixel.net/Green_Gift_Talisman,https://wiki.hypixel.net/images/c/c2/SkyBlock_items_green_gift_talisman.png
Blue Gift Talisman,RARE,Shop Purchase,Einary,https://wiki.hypixel.net/Blue_Gift_Talisman,https://wiki.hypixel.net/images/8/8c/SkyBlock_items_blue_gift_talisman.png
Purple Gift Talisman,EPIC,Shop Purchase,Einary,https://wiki.hypixel.net/Purple_Gift_Talisman,https://wiki.hypixel.net/images/d/de/SkyBlock_items_purple_gift_talisman.png
Gold Gift Talisman,LEGENDARY,Shop Purchase,Einary,https://wiki.hypixel.net/Gold_Gift_Talisman,https://wiki.hypixel.net/images/b/bf/SkyBlock_items_gold_gift_talisman.png
Kuudra Follower Artifact,EPIC,Shop Purchase,Drakuu,https://wiki.hypixel.net/Kuudra_Follower_Artifact,https://wiki.hypixel.net/images/7/7c/SkyBlock_items_kuudra_follower_artifact.png
Bucket Of Dye,RARE,Shop Purchase,Vincent,https://wiki.hypixel.net/Bucket_Of_Dye,https://wiki.hypixel.net/images/9/99/SkyBlock_items_bucket_of_dye.png
Junk Talisman,COMMON,Shop Purchase,Junker Joel,https://wiki.hypixel.net/Junk_Talisman,https://wiki.hypixel.net/images/3/37/SkyBlock_items_junk_talisman.png
Junk Ring,UNCOMMON,Shop Purchase,Junker Joel,https://wiki.hypixel.net/Junk_Ring,https://wiki.hypixel.net/images/b/bb/SkyBlock_items_junk_ring.png
Junk Artifact,RARE,Shop Purchase,Junker Joel,https://wiki.hypixel.net/Junk_Artifact,https://wiki.hypixel.net/images/5/5e/SkyBlock_items_junk_artifact.png
Moonglade Talisman,COMMON,Shop Purchase,Agatha,https://wiki.hypixel.net/Moonglade_Talisman,https://wiki.hypixel.net/images/e/e1/SkyBlock_items_moonglade_talisman.png
Moonglade Ring,UNCOMMON,Shop Purchase,Agatha,https://wiki.hypixel.net/Moonglade_Ring,https://wiki.hypixel.net/images/6/6a/SkyBlock_items_moonglade_ring.png
Moonglade Artifact,RARE,Shop Purchase,Agatha,https://wiki.hypixel.net/Moonglade_Artifact,https://wiki.hypixel.net/images/f/f2/SkyBlock_items_moonglade_artifact.png
Wither Artifact,EPIC,Shop Purchase,Dark Auction,https://wiki.hypixel.net/Wither_Artifact,https://wiki.hypixel.net/images/a/ae/SkyBlock_items_wither_artifact.png
Ender Artifact,EPIC,Shop Purchase,Dark Auction,https://wiki.hypixel.net/Ender_Artifact,https://wiki.hypixel.net/images/b/bb/SkyBlock_items_ender_artifact.png
Nether Artifact,EPIC,Shop Purchase,Dark Auction,https://wiki.hypixel.net/Nether_Artifact,https://wiki.hypixel.net/images/6/66/SkyBlock_items_nether_artifact.png
Magic 8 Ball,EPIC,Shop Purchase,Dark Auction,https://wiki.hypixel.net/Magic_8_Ball,https://wiki.hypixel.net/images/3/3c/SkyBlock_items_magic_8_ball.png
Hegemony Artifact,LEGENDARY,Shop Purchase,Dark Auction,https://wiki.hypixel.net/Hegemony_Artifact,https://wiki.hypixel.net/images/b/b1/SkyBlock_items_hegemony_artifact.png
New Year Cake Bag,UNCOMMON,Shop Purchase,Baker,https://wiki.hypixel.net/New_Year_Cake_Bag,https://wiki.hypixel.net/images/c/c2/SkyBlock_items_new_year_cake_bag.png
Mineral Talisman,RARE,Crafting Recipe,Refined Mineral,https://wiki.hypixel.net/Mineral_Talisman,https://wiki.hypixel.net/images/3/3c/SkyBlock_items_mineral_talisman.png
Glossy Mineral Talisman,EPIC,Crafting Recipe,Glossy Gemstone,https://wiki.hypixel.net/Glossy_Mineral_Talisman,https://wiki.hypixel.net/images/5/54/SkyBlock_items_glossy_mineral_talisman.png
Raggedy Shark Tooth Necklace,COMMON,Crafting Recipe,Shark Tooth,https://wiki.hypixel.net/Raggedy_Shark_Tooth_Necklace,https://wiki.hypixel.net/images/e/ef/SkyBlock_items_raggedy_shark_tooth_necklace.png
Dull Shark Tooth Necklace,UNCOMMON,Crafting Recipe,Shark Tooth,https://wiki.hypixel.net/Dull_Shark_Tooth_Necklace,https://wiki.hypixel.net/images/7/72/SkyBlock_items_dull_shark_tooth_necklace.png
Honed Shark Tooth Necklace,RARE,Crafting Recipe,Shark Tooth,https://wiki.hypixel.net/Honed_Shark_Tooth_Necklace,https://wiki.hypixel.net/images/a/a2/SkyBlock_items_honed_shark_tooth_necklace.png
Sharp Shark Tooth Necklace,EPIC,Crafting Recipe,Shark Tooth,https://wiki.hypixel.net/Sharp_Shark_Tooth_Necklace,https://wiki.hypixel.net/images/8/83/SkyBlock_items_sharp_shark_tooth_necklace.png
Razor-sharp Shark Tooth Necklace,LEGENDARY,Crafting Recipe,Shark Tooth,https://wiki.hypixel.net/Razor-sharp_Shark_Tooth_Necklace,https://wiki.hypixel.net/images/8/89/SkyBlock_items_razor_sharp_shark_tooth_necklace.png
Green Jerry Talisman,UNCOMMON,Drop,Jerry Box,https://wiki.hypixel.net/Green_Jerry_Talisman,https://wiki.hypixel.net/images/e/e5/SkyBlock_items_jerry_talisman_green.png
Blue Jerry Talisman,RARE,Upgrade,Jerry Talisman,https://wiki.hypixel.net/Blue_Jerry_Talisman,https://wiki.hypixel.net/images/9/9d/SkyBlock_items_jerry_talisman_blue.png
Purple Jerry Talisman,EPIC,Upgrade,Jerry Talisman,https://wiki.hypixel.net/Purple_Jerry_Talisman,https://wiki.hypixel.net/images/c/c1/SkyBlock_items_jerry_talisman_purple.png
Golden Jerry Artifact,LEGENDARY,Upgrade,Jerry Talisman,https://wiki.hypixel.net/Golden_Jerry_Artifact,https://wiki.hypixel.net/images/9/94/SkyBlock_items_jerry_talisman_golden.png
Beastmaster Crest (Common),COMMON,Crafting Recipe,Griffin Feather,https://wiki.hypixel.net/Beastmaster_Crest,https://wiki.hypixel.net/images/0/0f/SkyBlock_items_beastmaster_crest_common.png
Beastmaster Crest (Uncommon),UNCOMMON,Crafting Recipe,Griffin Feather,https://wiki.hypixel.net/Beastmaster_Crest,https://wiki.hypixel.net/images/0/0f/SkyBlock_items_beastmaster_crest_common.png
Beastmaster Crest (Rare),RARE,Crafting Recipe,Griffin Feather,https://wiki.hypixel.net/Beastmaster_Crest,https://wiki.hypixel.net/images/0/0f/SkyBlock_items_beastmaster_crest_common.png
Beastmaster Crest (Epic),EPIC,Crafting Recipe,Griffin Feather,https://wiki.hypixel.net/Beastmaster_Crest,https://wiki.hypixel.net/images/0/0f/SkyBlock_items_beastmaster_crest_common.png
Beastmaster Crest (Legendary),LEGENDARY,Crafting Recipe,Griffin Feather,https://wiki.hypixel.net/Beastmaster_Crest,https://wiki.hypixel.net/images/0/0f/SkyBlock_items_beastmaster_crest_common.png
Carnival Mask Bag,COMMON,Shop Purchase,Doug,https://wiki.hypixel.net/Carnival_Mask_Bag,https://wiki.hypixel.net/images/d/d2/SkyBlock_items_carnival_mask_bag.png
Seal Talisman,UNCOMMON,Shop Purchase,Lukas the Aquarist,https://wiki.hypixel.net/Seal_Talisman,https://wiki.hypixel.net/images/7/7d/SkyBlock_items_seal_talisman.png
Seal Ring,RARE,Shop Purchase,Lukas the Aquarist,https://wiki.hypixel.net/Seal_Ring,https://wiki.hypixel.net/images/f/f5/SkyBlock_items_seal_ring.png
Scavenger Ring,UNCOMMON,Upgrade,Scavenger Talisman,https://wiki.hypixel.net/Scavenger_Ring,https://wiki.hypixel.net/images/4/45/SkyBlock_items_scavenger_ring.png
Scavenger Artifact,RARE,Upgrade,Scavenger Ring,https://wiki.hypixel.net/Scavenger_Artifact,https://wiki.hypixel.net/images/d/d4/SkyBlock_items_scavenger_artifact.png
Emerald Artifact,RARE,Upgrade,Emerald Ring,https://wiki.hypixel.net/Emerald_Artifact,https://wiki.hypixel.net/images/e/e2/SkyBlock_items_emerald_artifact.png
Ring Of Coins,UNCOMMON,Upgrade,Talisman Of Coins,https://wiki.hypixel.net/Ring_Of_Coins,https://wiki.hypixel.net/images/7/7d/SkyBlock_items_ring_of_coins.png
Artifact Of Coins,RARE,Upgrade,Ring Of Coins,https://wiki.hypixel.net/Artifact_Of_Coins,https://wiki.hypixel.net/images/e/e2/SkyBlock_items_artifact_of_coins.png
Relic Of Coins,EPIC,Upgrade,Artifact Of Coins,https://wiki.hypixel.net/Relic_Of_Coins,https://wiki.hypixel.net/images/4/46/SkyBlock_items_relic_of_coins.png
Nibble Chocolate Stick,COMMON,Shop Purchase,Chocolate Factory,https://wiki.hypixel.net/Nibble_Chocolate_Stick,https://wiki.hypixel.net/images/2/2e/SkyBlock_items_nibble_chocolate_stick.png
Smooth Chocolate Bar,UNCOMMON,Upgrade,Nibble Chocolate Stick,https://wiki.hypixel.net/Smooth_Chocolate_Bar,https://wiki.hypixel.net/images/7/73/SkyBlock_items_smooth_chocolate_bar.png
Rich Chocolate Chunk,RARE,Upgrade,Smooth Chocolate Bar,https://wiki.hypixel.net/Rich_Chocolate_Chunk,https://wiki.hypixel.net/images/7/7b/SkyBlock_items_rich_chocolate_chunk.png
Ganache Chocolate Slab,EPIC,Upgrade,Rich Chocolate Chunk,https://wiki.hypixel.net/Ganache_Chocolate_Slab,https://wiki.hypixel.net/images/3/37/SkyBlock_items_ganache_chocolate_slab.png
Prestige Chocolate Realm,LEGENDARY,Upgrade,Ganache Chocolate Slab,https://wiki.hypixel.net/Prestige_Chocolate_Realm,https://wiki.hypixel.net/images/2/21/SkyBlock_items_prestige_chocolate_realm.png
Intimidation Relic,EPIC,Upgrade,Intimidation Artifact,https://wiki.hypixel.net/Intimidation_Relic,https://wiki.hypixel.net/images/b/b7/SkyBlock_items_intimidation_relic.png
Runebook,COMMON,Reward,Raffle Box,https://wiki.hypixel.net/Runebook,https://wiki.hypixel.net/images/5/59/SkyBlock_items_runebook.png
Talisman Of The Century,COMMON,Reward,Raffle Box,https://wiki.hypixel.net/Talisman_Of_The_Century,https://wiki.hypixel.net/images/f/f8/SkyBlock_items_century_talisman.png
Ring Of The Century,UNCOMMON,Upgrade,Talisman Of The Century,https://wiki.hypixel.net/Ring_Of_The_Century,https://wiki.hypixel.net/images/f/fa/SkyBlock_items_century_ring.png
Great Spook Talisman,COMMON,Shop Purchase,Tyashoi Alchemist,https://wiki.hypixel.net/Great_Spook_Talisman,https://wiki.hypixel.net/images/2/24/SkyBlock_items_great_spook_talisman.png
Great Spook Ring,UNCOMMON,Shop Purchase,Tyashoi Alchemist,https://wiki.hypixel.net/Great_Spook_Ring,https://wiki.hypixel.net/images/8/8c/SkyBlock_items_great_spook_ring.png
Great Spook Artifact,RARE,Shop Purchase,Tyashoi Alchemist,https://wiki.hypixel.net/Great_Spook_Artifact,https://wiki.hypixel.net/images/2/25/SkyBlock_items_great_spook_artifact.png
Crab Hat of Celebration,SPECIAL,Unobtainable,Simon,https://wiki.hypixel.net/Red_Crab_Hat_Of_Celebration,https://wiki.hypixel.net/images/d/de/SkyBlock_items_red.png
Crab Hat of Celebration - 2022 Edition,SPECIAL,Unobtainable,Simon,https://wiki.hypixel.net/Red_Crab_Hat_Of_Celebration_-_2022_Edition,https://wiki.hypixel.net/images/e/ed/SkyBlock_items_party_hat_crab_animated_red.gif
Sloth Hat of Celebration,SPECIAL,Unobtainable,Simon,https://wiki.hypixel.net/Regular_Sloth_Hat_Of_Celebration,https://wiki.hypixel.net/images/1/16/SkyBlock_items_party_hat_sloth_regular.png
5th Anniversary Balloon Hat,SPECIAL,Unobtainable,Simon,https://wiki.hypixel.net/Anniversary_Balloon_Hat,https://wiki.hypixel.net/images/c/c6/SkyBlock_items_balloon_hat_2024_red.png
6th Anniversary Balloon Hat,SPECIAL,Unobtainable,Simon,https://wiki.hypixel.net/Anniversary_Balloon_Hat,https://wiki.hypixel.net/images/a/a1/SkyBlock_items_balloon_hat_2025_red.png
Dante Talisman,COMMON,Unobtainable,Dante,https://wiki.hypixel.net/Dante_Talisman,https://wiki.hypixel.net/images/0/0e/SkyBlock_items_dante_talisman.png
Dante Ring,COMMON,Shop Purchase,Pig Shop,https://wiki.hypixel.net/Dante_Ring,https://wiki.hypixel.net/images/2/2f/SkyBlock_items_dante_ring.png
Blood God Crest,COMMON,Shop Purchase,Pig Shop,https://wiki.hypixel.net/Blood_God_Crest,https://wiki.hypixel.net/images/c/c5/SkyBlock_items_blood_god_crest.png
Potato Talisman,COMMON,Unobtainable,Potato King / Shiny Pig,https://wiki.hypixel.net/Potato_Talisman,https://wiki.hypixel.net/images/e/e1/SkyBlock_items_potato_talisman.png
Bat Person Talisman,COMMON,Drop,Trick Or Treat Chests,https://wiki.hypixel.net/Bat_Person_Talisman,https://wiki.hypixel.net/images/1/1f/SkyBlock_items_bat_person_talisman.png
Fish Affinity Talisman,RARE,Drop,Water Hydra,https://wiki.hypixel.net/Fish_Affinity_Talisman,https://wiki.hypixel.net/images/b/b7/SkyBlock_items_fish_affinity_talisman.png
Bat Talisman,RARE,Drop,Bat,https://wiki.hypixel.net/Bat_Talisman,https://wiki.hypixel.net/images/b/ba/SkyBlock_items_bat_talisman.png
Spider Talisman,UNCOMMON,Drop,Broodmother,https://wiki.hypixel.net/Spider_Talisman,https://wiki.hypixel.net/images/5/56/SkyBlock_items_spider_talisman.png
Wolf Talisman,COMMON,Drop,Old Wolf,https://wiki.hypixel.net/Wolf_Talisman,https://wiki.hypixel.net/images/f/ff/SkyBlock_items_wolf_talisman.png
Tarantula Talisman,EPIC,Drop,Tarantula Brood,https://wiki.hypixel.net/Tarantula_Talisman,https://wiki.hypixel.net/images/8/86/SkyBlock_items_tarantula_talisman.png
Pocket Espresso Machine,COMMON,Drop,Voidgloom Seraph,https://wiki.hypixel.net/Pocket_Espresso_Machine,https://wiki.hypixel.net/images/f/fe/SkyBlock_items_pocket_espresso_machine.png
Handy Blood Chalice,COMMON,Drop,Voidgloom Seraph,https://wiki.hypixel.net/Handy_Blood_Chalice,https://wiki.hypixel.net/images/6/6b/SkyBlock_items_handy_blood_chalice.png
Lucky Hoof,UNCOMMON,Drop,Nightmare,https://wiki.hypixel.net/Lucky_Hoof,https://wiki.hypixel.net/images/4/44/Minecraft_items_iron_horse_armor.png
Netherrack-Looking Sunshade,COMMON,Drop,Smoldering Blaze and Millennia-Aged Blaze,https://wiki.hypixel.net/Netherrack-Looking_Sunshade,https://wiki.hypixel.net/images/0/09/SkyBlock_items_netherrack_looking_sunshade.png
Atmospheric Filter,RARE,Drop,Mite,https://wiki.hypixel.net/Atmospheric_Filter,https://wiki.hypixel.net/images/8/80/SkyBlock_items_atmospheric_filter.png
Runeblade Talisman,COMMON,Drop,Chillshot and Chillblade,https://wiki.hypixel.net/Runeblade_Talisman,https://wiki.hypixel.net/images/3/35/SkyBlock_items_runeblade_talisman.png
Zombie Ring,UNCOMMON,Crafting Recipe,Zombie Slayer 2,https://wiki.hypixel.net/Zombie_Ring,https://wiki.hypixel.net/images/1/18/SkyBlock_items_zombie_ring.png
Zombie Artifact,RARE,Crafting Recipe,Zombie Slayer 7,https://wiki.hypixel.net/Zombie_Artifact,https://wiki.hypixel.net/images/5/59/SkyBlock_items_zombie_artifact.png
Devour Ring,RARE,Crafting Recipe,Zombie Slayer 5,https://wiki.hypixel.net/Devour_Ring,https://wiki.hypixel.net/images/d/de/SkyBlock_items_devour_ring.png
Reaper Orb,LEGENDARY,Crafting Recipe,Zombie Slayer 8,https://wiki.hypixel.net/Reaper_Orb,https://wiki.hypixel.net/images/3/3a/SkyBlock_items_reaper_orb.png
Spider Ring,RARE,Crafting Recipe,Spider Slayer 1,https://wiki.hypixel.net/Spider_Ring,https://wiki.hypixel.net/images/b/bb/SkyBlock_items_spider_ring.png
Spider Artifact,EPIC,Crafting Recipe,Spider Slayer 7,https://wiki.hypixel.net/Spider_Artifact,https://wiki.hypixel.net/images/b/bd/SkyBlock_items_spider_artifact.png
Survivor Cube,RARE,Reward,Spider Slayer 7,https://wiki.hypixel.net/Survivor_Cube,https://wiki.hypixel.net/images/7/7b/SkyBlock_items_survivor_cube.png
Red Claw Talisman,UNCOMMON,Crafting Recipe,Wolf Slayer 1,https://wiki.hypixel.net/Red_Claw_Talisman,https://wiki.hypixel.net/images/f/f5/SkyBlock_items_red_claw_talisman.png
Red Claw Ring,RARE,Crafting Recipe,Wolf Slayer 5,https://wiki.hypixel.net/Red_Claw_Ring,https://wiki.hypixel.net/images/5/57/SkyBlock_items_red_claw_ring.png
Red Claw Artifact,EPIC,Crafting Recipe,Wolf Slayer 5,https://wiki.hypixel.net/Red_Claw_Artifact,https://wiki.hypixel.net/images/c/cb/SkyBlock_items_red_claw_artifact.png
Hunter Talisman,UNCOMMON,Crafting Recipe,Wolf Slayer 7,https://wiki.hypixel.net/Hunter_Talisman,https://wiki.hypixel.net/images/9/9c/SkyBlock_items_hunter_talisman.png
Hunter Ring,RARE,Crafting Recipe,Wolf Slayer 8,https://wiki.hypixel.net/Hunter_Ring,https://wiki.hypixel.net/images/c/cf/SkyBlock_items_hunter_ring.png
Soulflow Pile,UNCOMMON,Crafting Recipe,Enderman Slayer 2,https://wiki.hypixel.net/Soulflow_Pile,https://wiki.hypixel.net/images/8/86/SkyBlock_items_soulflow_pile.png
Soulflow Battery,RARE,Crafting Recipe,Enderman Slayer 5,https://wiki.hypixel.net/Soulflow_Battery,https://wiki.hypixel.net/images/b/b6/SkyBlock_items_soulflow_battery.png
Soulflow Supercell,EPIC,Crafting Recipe,Enderman Slayer 7,https://wiki.hypixel.net/Soulflow_Supercell,https://wiki.hypixel.net/images/2/21/SkyBlock_items_soulflow_supercell.png
Ender Relic,LEGENDARY,Crafting Recipe,Enderman Slayer 2,https://wiki.hypixel.net/Ender_Relic,https://wiki.hypixel.net/images/2/20/SkyBlock_items_ender_relic.png
Burststopper Talisman,RARE,Crafting Recipe,Blaze Slayer 3,https://wiki.hypixel.net/Burststopper_Talisman,https://wiki.hypixel.net/images/6/69/SkyBlock_items_burststopper_talisman.png
Burststopper Artifact,EPIC,Crafting Recipe,Blaze Slayer 7,https://wiki.hypixel.net/Burststopper_Artifact,https://wiki.hypixel.net/images/5/57/SkyBlock_items_burststopper_artifact.png
Wolf Paw,UNCOMMON,Reward,Gustave,https://wiki.hypixel.net/Wolf_Paw,https://wiki.hypixel.net/images/1/1c/SkyBlock_items_wolf_paw.png
Pig's Foot,RARE,Reward,Guber,https://wiki.hypixel.net/Pig%27s_Foot,https://wiki.hypixel.net/images/e/e9/SkyBlock_items_pigs_foot.png
Melody's Hair,EPIC,Reward,Melody ♫,https://wiki.hypixel.net/Melody%27s_Hair,https://wiki.hypixel.net/images/3/32/SkyBlock_items_enchanted_string.gif
Frozen Chicken,RARE,Reward,Gulliver,https://wiki.hypixel.net/Frozen_Chicken,https://wiki.hypixel.net/images/2/21/SkyBlock_items_frozen_chicken.png
King Talisman,COMMON,Reward,Kings,https://wiki.hypixel.net/King_Talisman,https://wiki.hypixel.net/images/6/68/SkyBlock_items_king_talisman.png
Shiny Yellow Rock,COMMON,Reward,Romero And Juliette,https://wiki.hypixel.net/Ring_Of_Love,https://wiki.hypixel.net/images/a/a3/SkyBlock_items_enchanted_gold_nugget.gif
Yellow Rock of Love,COMMON,Reward,Romero And Juliette,https://wiki.hypixel.net/Ring_Of_Love,https://wiki.hypixel.net/images/a/a3/SkyBlock_items_enchanted_gold_nugget.gif
Mediocore Ring Of Love,UNCOMMON,Reward,Romero And Juliette,https://wiki.hypixel.net/Ring_Of_Love,https://wiki.hypixel.net/images/6/63/SkyBlock_items_ring_of_eternal_love.png
Rubbish Ring Of Love,UNCOMMON,Reward,Romero And Juliette,https://wiki.hypixel.net/Ring_Of_Love,https://wiki.hypixel.net/images/6/63/SkyBlock_items_ring_of_eternal_love.png
Modest Ring Of Love,RARE,Reward,Romero And Juliette,https://wiki.hypixel.net/Ring_Of_Love,https://wiki.hypixel.net/images/6/63/SkyBlock_items_ring_of_eternal_love.png
Refined Ring Of Love,RARE,Reward,Romero And Juliette,https://wiki.hypixel.net/Ring_Of_Love,https://wiki.hypixel.net/images/6/63/SkyBlock_items_ring_of_eternal_love.png
Classy Ring Of Love,RARE,Reward,Romero And Juliette,https://wiki.hypixel.net/Ring_Of_Love,https://wiki.hypixel.net/images/6/63/SkyBlock_items_ring_of_eternal_love.png
Exquisite Ring Of Love,EPIC,Reward,Romero And Juliette,https://wiki.hypixel.net/Ring_Of_Love,https://wiki.hypixel.net/images/6/63/SkyBlock_items_ring_of_eternal_love.png
Invaluable Ring Of Love,EPIC,Reward,Romero And Juliette,https://wiki.hypixel.net/Ring_Of_Love,https://wiki.hypixel.net/images/6/63/SkyBlock_items_ring_of_eternal_love.png
Legendary Ring Of Love,LEGENDARY,Reward,Romero And Juliette,https://wiki.hypixel.net/Ring_Of_Love,https://wiki.hypixel.net/images/6/63/SkyBlock_items_ring_of_eternal_love.png
Campfire Initiate Badge,COMMON,Reward,Trial Of Fire,https://wiki.hypixel.net/Campfire_Badge,https://wiki.hypixel.net/images/f/fc/SkyBlock_items_campfire_talisman_1.png
Campfire Adept Badge,UNCOMMON,Reward,Trial Of Fire,https://wiki.hypixel.net/Campfire_Badge,https://wiki.hypixel.net/images/3/33/SkyBlock_items_campfire_talisman_5.png
Campfire Cultist Badge,RARE,Reward,Trial Of Fire,https://wiki.hypixel.net/Campfire_Badge,https://wiki.hypixel.net/images/3/30/SkyBlock_items_campfire_talisman_9.png
Campfire Scion Badge,EPIC,Reward,Trial Of Fire,https://wiki.hypixel.net/Campfire_Badge,https://wiki.hypixel.net/images/c/cf/SkyBlock_items_campfire_talisman_14.png
Campfire God Badge,LEGENDARY,Reward,Trial Of Fire,https://wiki.hypixel.net/Campfire_Badge,https://wiki.hypixel.net/images/2/2e/SkyBlock_items_campfire_talisman_22.png
Soul Campfire Initiate Badge,COMMON,Reward,Trial Of Blue Flames,https://wiki.hypixel.net/Soul_Campfire_Badge,https://wiki.hypixel.net/images/e/eb/SkyBlock_items_soul_campfire_talisman_1.png
Soul Campfire Adept Badge,UNCOMMON,Reward,Trial Of Blue Flames,https://wiki.hypixel.net/Soul_Campfire_Badge,https://wiki.hypixel.net/images/0/05/SkyBlock_items_soul_campfire_talisman_5.png
Soul Campfire Cultist Badge,RARE,Reward,Trial Of Blue Flames,https://wiki.hypixel.net/Soul_Campfire_Badge,https://wiki.hypixel.net/images/f/f7/SkyBlock_items_soul_campfire_talisman_9.png
Soul Campfire Scion Badge,EPIC,Reward,Trial Of Blue Flames,https://wiki.hypixel.net/Soul_Campfire_Badge,https://wiki.hypixel.net/images/6/63/SkyBlock_items_soul_campfire_talisman_13.png
Soul Campfire God Badge,LEGENDARY,Reward,Trial Of Blue Flames,https://wiki.hypixel.net/Soul_Campfire_Badge,https://wiki.hypixel.net/images/2/2a/SkyBlock_items_soul_campfire_talisman_22.png
Cat Talisman,UNCOMMON,Reward,Guildford,https://wiki.hypixel.net/Cat_Talisman,https://wiki.hypixel.net/images/6/63/SkyBlock_items_cat_talisman.png
Lynx Talisman,RARE,Reward,Guildford,https://wiki.hypixel.net/Lynx_Talisman,https://wiki.hypixel.net/images/3/31/SkyBlock_items_lynx_talisman.png
Cheetah Talisman,EPIC,Reward,Guildford,https://wiki.hypixel.net/Cheetah_Talisman,https://wiki.hypixel.net/images/b/b2/SkyBlock_items_cheetah_talisman.png
Shady Ring,UNCOMMON,Shop Purchase,Lucius,https://wiki.hypixel.net/Shady_Ring,https://wiki.hypixel.net/images/4/4b/SkyBlock_items_shady_ring.png
Crooked Artifact,RARE,Shop Purchase,Lucius,https://wiki.hypixel.net/Crooked_Artifact,https://wiki.hypixel.net/images/3/3c/SkyBlock_items_crooked_artifact.png
Seal Of The Family,EPIC,Shop Purchase,Lucius,https://wiki.hypixel.net/Seal_Of_The_Family,https://wiki.hypixel.net/images/d/d4/SkyBlock_items_seal_of_the_family.png
Odger's Bronze Tooth,COMMON,Reward,Odger,https://wiki.hypixel.net/Odger%27s_Bronze_Tooth,https://wiki.hypixel.net/images/a/a1/SkyBlock_items_odgers_bronze_tooth.png
Odger's Silver Tooth,UNCOMMON,Reward,Odger,https://wiki.hypixel.net/Odger%27s_Silver_Tooth,https://wiki.hypixel.net/images/e/e7/SkyBlock_items_odgers_silver_tooth.png
Odger's Gold Tooth,RARE,Reward,Odger,https://wiki.hypixel.net/Odger%27s_Gold_Tooth,https://wiki.hypixel.net/images/5/56/SkyBlock_items_odgers_gold_tooth.png
Odger's Diamond Tooth,EPIC,Reward,Odger,https://wiki.hypixel.net/Odger%27s_Diamond_Tooth,https://wiki.hypixel.net/images/3/30/SkyBlock_items_odgers_diamond_tooth.png
Archaeologist's Compass,COMMON,Reward,Archaeologist,https://wiki.hypixel.net/Archaeologist%27s_Compass,https://wiki.hypixel.net/images/d/dc/Minecraft_items_compass.png
Jake's Plushie,UNCOMMON,Reward,Obtained from Jake after accepting 3 offers from Beth on the Garden.,https://wiki.hypixel.net/Jake%27s_Plushie,https://wiki.hypixel.net/images/0/0a/SkyBlock_items_jake_plushie.png
Kuudra Follower Relic,LEGENDARY,Reward,Kuudra Gatekeeper,https://wiki.hypixel.net/Kuudra_Follower_Relic,https://wiki.hypixel.net/images/1/16/SkyBlock_items_kuudra_follower_relic.png
Auto Recombobulator,LEGENDARY,Loot,Catacombs Floor VII Bedrock Reward Chest,https://wiki.hypixel.net/Auto_Recombobulator,https://wiki.hypixel.net/images/1/1e/SkyBlock_items_auto_recombobulator.png
Wither Relic,LEGENDARY,Upgrade,Wither Artifact,https://wiki.hypixel.net/Wither_Relic,https://wiki.hypixel.net/images/4/46/SkyBlock_items_wither_relic.png
Catacombs Expert Ring,EPIC,Crafting Recipe,Wither Catalysts,https://wiki.hypixel.net/Catacombs_Expert_Ring,https://wiki.hypixel.net/images/d/d2/SkyBlock_items_catacombs_expert_ring.png
Scarf's Studies,RARE,Loot,Catacombs Floor II Reward Chest,https://wiki.hypixel.net/Scarf%27s_Studies,https://wiki.hypixel.net/images/3/37/SkyBlock_items_scarf_studies.png
Scarf's Thesis,EPIC,Upgrade,Scarf's Studies,https://wiki.hypixel.net/Scarf%27s_Thesis,https://wiki.hypixel.net/images/0/05/SkyBlock_items_scarf_thesis.png
Scarf's Grimoire,LEGENDARY,Upgrade,Scarf's Thesis,https://wiki.hypixel.net/Scarf%27s_Grimoire,https://wiki.hypixel.net/images/3/3c/SkyBlock_items_scarf_grimoire.png
Treasure Talisman,RARE,Loot,Floor IV-VII,https://wiki.hypixel.net/Treasure_Talisman,https://wiki.hypixel.net/images/0/09/SkyBlock_items_treasure_talisman.png
Treasure Ring,EPIC,Upgrade,Treasure Talisman,https://wiki.hypixel.net/Treasure_Ring,https://wiki.hypixel.net/images/4/41/SkyBlock_items_treasure_ring.png
Treasure Artifact,LEGENDARY,Upgrade,Treasure Ring,https://wiki.hypixel.net/Treasure_Artifact,https://wiki.hypixel.net/images/8/84/SkyBlock_items_treasure_artifact.png
Master Skulls,COMMON-LEGENDARY,Loot,Master Mode Floor I-VII Reward Chests,https://wiki.hypixel.net/Master_Skull_-_Tier_1,https://wiki.hypixel.net/images/a/af/SkyBlock_items_master_skull_tier_1.png
General's Medallion,RARE,Shop Purchase,Zodd,https://wiki.hypixel.net/General%27s_Medallion,https://wiki.hypixel.net/images/6/6c/SkyBlock_items_general_medallion.png
Titanium Talisman,UNCOMMON,Forge Recipe,Heart of the Mountain Tier 2,https://wiki.hypixel.net/Titanium_Talisman,https://wiki.hypixel.net/images/a/ac/SkyBlock_items_titanium_talisman.png
Titanium Ring,RARE,Forge Recipe,Heart of the Mountain Tier 3,https://wiki.hypixel.net/Titanium_Ring,https://wiki.hypixel.net/images/e/ec/SkyBlock_items_titanium_ring.png
Titanium Artifact,EPIC,Forge Recipe,Heart of the Mountain Tier 4,https://wiki.hypixel.net/Titanium_Artifact,https://wiki.hypixel.net/images/4/42/SkyBlock_items_titanium_artifact.png
Titanium Relic,LEGENDARY,Forge Recipe,Heart of the Mountain Tier 5,https://wiki.hypixel.net/Titanium_Relic,https://wiki.hypixel.net/images/1/14/SkyBlock_items_titanium_relic.png
Dwarven Metal Talisman,UNCOMMON,Forge Recipe,Heart of the Mountain Tier 8,https://wiki.hypixel.net/Dwarven_Metal_Talisman,https://wiki.hypixel.net/images/6/61/SkyBlock_items_dwarven_metal.png
Relic Of Power,EPIC,Forge Recipe,Heart of the Mountain Tier 10,https://wiki.hypixel.net/Relic_Of_Power,https://wiki.hypixel.net/images/d/d7/SkyBlock_items_power_relic.png
Artifact Of Control,LEGENDARY,Shop Purchase,Shen's Auction,https://wiki.hypixel.net/Artifact_Of_Control,https://wiki.hypixel.net/images/e/ec/SkyBlock_items_artifact_of_control.png
Pandora's Box,COMMON to MYTHIC,Shop Purchase,Shen's Auction,https://wiki.hypixel.net/Pandora%27s_Box,https://wiki.hypixel.net/images/8/8d/SkyBlock_items_pandoras_box.png
Shen's Regalia,LEGENDARY,Shop Purchase,Shen's Auction,https://wiki.hypixel.net/Shen%27s_Regalia,https://wiki.hypixel.net/images/f/f1/SkyBlock_items_shens_regalia.png
Book Of Progression,COMMON to MYTHIC,Reward,SkyBlock Level 25-400,https://wiki.hypixel.net/Book_Of_Progression,https://wiki.hypixel.net/images/2/26/Minecraft_items_book.png
Wolf Ring,RARE,Upgrade,Wolf Talisman,https://wiki.hypixel.net/Wolf_Ring,https://wiki.hypixel.net/images/0/0b/SkyBlock_items_wolf_ring.png
Bat Person Ring,UNCOMMON,Upgrade,Bat Person Talisman,https://wiki.hypixel.net/Bat_Person_Ring,https://wiki.hypixel.net/images/f/f1/SkyBlock_items_bat_person_ring.png
Bat Person Artifact,RARE,Upgrade,Bat Person Ring,https://wiki.hypixel.net/Bat_Person_Artifact,https://wiki.hypixel.net/images/4/40/SkyBlock_items_bat_person_artifact.png
Eternal Hoof,RARE,Upgrade,Lucky Hoof,https://wiki.hypixel.net/Eternal_Hoof,https://wiki.hypixel.net/images/0/07/Minecraft_items_golden_horse_armor.png
Spiked Atrocity,EPIC,Upgrade,Bait Ring,https://wiki.hypixel.net/Spiked_Atrocity,https://wiki.hypixel.net/images/0/02/SkyBlock_items_spiked_atrocity.png
Blaze Talisman,RARE,Crafting Recipe,Millennia-Aged Blazes,https://wiki.hypixel.net/Blaze_Talisman,https://wiki.hypixel.net/images/8/8c/SkyBlock_items_blaze_talisman.png
Pulse Ring,UNCOMMON to LEGENDARY,Crafting Recipe,Fire Eels,https://wiki.hypixel.net/Pulse_Ring,https://wiki.hypixel.net/images/5/57/SkyBlock_items_pulse_ring.png
Burning Kuudra Core,RARE,Loot,Kuudra,https://wiki.hypixel.net/Burning_Kuudra_Core,https://wiki.hypixel.net/images/3/39/SkyBlock_items_burning_kuudra_core.png
Fiery Kuudra Core,EPIC,Upgrade,Burning Kuudra Core,https://wiki.hypixel.net/Fiery_Kuudra_Core,https://wiki.hypixel.net/images/1/16/SkyBlock_items_fiery_kuudra_core.png
Infernal Kuudra Core,LEGENDARY,Upgrade,Fiery Kuudra Core,https://wiki.hypixel.net/Infernal_Kuudra_Core,https://wiki.hypixel.net/images/c/c5/SkyBlock_items_infernal_kuudra_core.png
Draconic Talisman,UNCOMMON,Crafting Recipe,Nest Endermites,https://wiki.hypixel.net/Draconic_Talisman,https://wiki.hypixel.net/images/3/3a/SkyBlock_items_draconic_talisman.png
Draconic Ring,RARE,Upgrade,Draconic Talisman,https://wiki.hypixel.net/Draconic_Ring,https://wiki.hypixel.net/images/3/39/SkyBlock_items_draconic_ring.png
Draconic Artifact,EPIC,Upgrade,Draconic Ring,https://wiki.hypixel.net/Draconic_Artifact,https://wiki.hypixel.net/images/3/3a/SkyBlock_items_draconic_artifact.png
Vaccine Ring,UNCOMMON,Upgrade,Vaccine Talisman,https://wiki.hypixel.net/Vaccine_Ring,https://wiki.hypixel.net/images/f/f4/SkyBlock_items_vaccine_ring.png
Vaccine Artifact,RARE,Upgrade,Vaccine Ring,https://wiki.hypixel.net/Vaccine_Artifact,https://wiki.hypixel.net/images/c/cd/SkyBlock_items_vaccine_artifact.png
Glacial Talisman,COMMON,Frozen Treasure,Collected in the Glacial Cave on Jerry's Workshop.,https://wiki.hypixel.net/Glacial_Talisman,https://wiki.hypixel.net/images/3/30/SkyBlock_items_glacial_talisman.png
Glacial Ring,UNCOMMON,Upgrade,Glacial Talisman,https://wiki.hypixel.net/Glacial_Ring,https://wiki.hypixel.net/images/6/65/SkyBlock_items_glacial_ring.png
Glacial Artifact,RARE,Upgrade,Glacial Ring,https://wiki.hypixel.net/Glacial_Artifact,https://wiki.hypixel.net/images/1/12/SkyBlock_items_glacial_artifact.png
Cropie Talisman,COMMON,Crafting Recipe,Cropies,https://wiki.hypixel.net/Cropie_Talisman,https://wiki.hypixel.net/images/3/3d/SkyBlock_items_cropie_talisman.png
Squash Ring,UNCOMMON,Upgrade,Cropie Talisman,https://wiki.hypixel.net/Squash_Ring,https://wiki.hypixel.net/images/9/9a/SkyBlock_items_squash_ring.png
Fermento Artifact,RARE,Upgrade,Squash Ring,https://wiki.hypixel.net/Fermento_Artifact,https://wiki.hypixel.net/images/a/a8/SkyBlock_items_fermento_artifact.png
Fried Frozen Chicken,EPIC,Upgrade,Frozen Chicken,https://wiki.hypixel.net/Fried_Frozen_Chicken,https://wiki.hypixel.net/images/f/fb/SkyBlock_items_fried_frozen_chicken.png
Emperor's Talisman,UNCOMMON,Crafting Recipe,Emperor's Skulls,https://wiki.hypixel.net/Emperor%27s_Talisman,https://wiki.hypixel.net/images/c/c7/SkyBlock_items_emperor_talisman.png
Emperor's Ring,RARE,Upgrade,Emperor's Talisman,https://wiki.hypixel.net/Emperor%27s_Ring,https://wiki.hypixel.net/images/e/ee/SkyBlock_items_emperor_ring.png
Emperor's Artifact,EPIC,Upgrade,Emperor's Ring,https://wiki.hypixel.net/Emperor%27s_Artifact,https://wiki.hypixel.net/images/2/2a/SkyBlock_items_emperor_artifact.png
Runeblade Ring,UNCOMMON,Upgrade,Runeblade Talisman,https://wiki.hypixel.net/Runeblade_Ring,https://wiki.hypixel.net/images/1/1d/SkyBlock_items_runeblade_ring.png
Runeblade Artifact,RARE,Upgrade,Runeblade Ring,https://wiki.hypixel.net/Runeblade_Artifact,https://wiki.hypixel.net/images/e/ec/SkyBlock_items_runeblade_artifact.png
Bingo Combat Talisman,COMMON,Reward,Completing Extreme Bingo tasks. Exclusive to Bingo Profile.,https://wiki.hypixel.net/Bingo_Combat_Talisman,https://wiki.hypixel.net/images/5/54/SkyBlock_items_bingo_combat_talisman.png
Lush Talisman,UNCOMMON,Crafting Recipe,Lush Berberis,https://wiki.hypixel.net/Lush_Talisman,https://wiki.hypixel.net/images/4/4f/SkyBlock_items_lush_talisman.png
Lush Ring,RARE,Upgrade,Lush Talisman,https://wiki.hypixel.net/Lush_Ring,https://wiki.hypixel.net/images/4/48/SkyBlock_items_lush_ring.png
Lush Artifact,EPIC,Upgrade,Lush Ring,https://wiki.hypixel.net/Lush_Artifact,https://wiki.hypixel.net/images/6/68/SkyBlock_items_lush_artifact.png
Agarimoo Talisman,COMMON,Crafting Recipe,Agarimoo Tongues,https://wiki.hypixel.net/Agarimoo_Talisman,https://wiki.hypixel.net/images/9/91/SkyBlock_items_agarimoo_talisman.png
Agarimoo Ring,UNCOMMON,Upgrade,Agarimoo Talisman,https://wiki.hypixel.net/Agarimoo_Ring,https://wiki.hypixel.net/images/4/4d/SkyBlock_items_agarimoo_ring.png
Agarimoo Artifact,RARE,Upgrade,Agarimoo Ring,https://wiki.hypixel.net/Agarimoo_Artifact,https://wiki.hypixel.net/images/d/d9/SkyBlock_items_agarimoo_artifact.png
Bluertooth Ring,EPIC,Upgrade,Bluetooth Ring,https://wiki.hypixel.net/Bluertooth_Ring,https://wiki.hypixel.net/images/f/f5/SkyBlock_items_bluertooth_ring.png
Blood Donor Talisman,COMMON,Crafting Recipe,Hemovibe Collection II,https://wiki.hypixel.net/Blood_Donor_Talisman,https://wiki.hypixel.net/images/5/51/SkyBlock_items_blood_donor_talisman.png
Blood Donor Ring,UNCOMMON,Crafting Recipe,Hemovibe Collection VI,https://wiki.hypixel.net/Blood_Donor_Ring,https://wiki.hypixel.net/images/b/b5/SkyBlock_items_blood_donor_ring.png
Blood Donor Artifact,RARE,Crafting Recipe,Hemovibe Collection IX,https://wiki.hypixel.net/Blood_Donor_Artifact,https://wiki.hypixel.net/images/7/77/SkyBlock_items_blood_donor_artifact.png
Test Bucket Please Ignore,UNCOMMON,Reward,Mirrorverse,https://wiki.hypixel.net/Test_Bucket_Please_Ignore,https://wiki.hypixel.net/images/8/8b/SkyBlock_items_test_bucket_please_ignore.png
Big Brain Talisman,COMMON,Reward,Mirrorverse,https://wiki.hypixel.net/Big_Brain_Talisman,https://wiki.hypixel.net/images/7/7e/SkyBlock_items_big_brain_talisman.png
Miniaturized Tubulator,UNCOMMON,Reward,Mirrorverse,https://wiki.hypixel.net/Miniaturized_Tubulator,https://wiki.hypixel.net/images/b/bd/SkyBlock_items_miniaturized_tubulator.png
Tiny Dancer,UNCOMMON,Reward,Mirrorverse,https://wiki.hypixel.net/Tiny_Dancer,https://wiki.hypixel.net/images/a/a3/SkyBlock_items_tiny_dancer.png
Rift Prism,RARE,Auction,Barrier Street,https://wiki.hypixel.net/Rift_Prism,https://wiki.hypixel.net/images/b/b3/SkyBlock_items_rift_prism.png
Bluetooth Ring,RARE,Crafting Recipe,Living Metal Hearts,https://wiki.hypixel.net/Bluetooth_Ring,https://wiki.hypixel.net/images/0/01/SkyBlock_items_bluetooth_ring.png
Future Calories Talisman,COMMON,Crafting Recipe,Pre-Digestion Fish,https://wiki.hypixel.net/Future_Calories_Talisman,https://wiki.hypixel.net/images/5/5c/SkyBlock_items_future_calories.png
Vampire Dentist Relic,LEGENDARY,Crafting Recipe,Vampire Slayer,https://wiki.hypixel.net/Vampire_Dentist_Relic,https://wiki.hypixel.net/images/f/f8/SkyBlock_items_vampire_dentist_relic.png
Hocus-Pocus Cipher,EPIC,Purchase,Dark Auction,https://wiki.hypixel.net/Hocus-Pocus_Cipher,https://wiki.hypixel.net/images/1/1d/SkyBlock_items_hocus_pocus_cipher.png
IQ Point,COMMON,Reward,Ubik Von Neumann,https://wiki.hypixel.net/IQ_Point,https://wiki.hypixel.net/images/4/45/SkyBlock_items_iq_point.png
2 IQ Points,UNCOMMON,Upgrade,IQ Point,https://wiki.hypixel.net/2_IQ_Points,https://wiki.hypixel.net/images/9/95/SkyBlock_items_two_iq_point.png
Respiration Talisman,COMMON,Crafting Recipe,Puff Cruxes,https://wiki.hypixel.net/Respiration_Talisman,https://wiki.hypixel.net/images/7/74/SkyBlock_items_respiration_talisman.png
Respiration Ring,UNCOMMON,Crafting Recipe,Puff Cruxes,https://wiki.hypixel.net/Respiration_Ring,https://wiki.hypixel.net/images/1/18/SkyBlock_items_respiration_ring.png
Respiration Artifact,RARE,Crafting Recipe,Puff Cruxes,https://wiki.hypixel.net/Respiration_Artifact,https://wiki.hypixel.net/images/d/de/SkyBlock_items_respiration_artifact.png
Crux Talisman,UNCOMMON,Crafting Recipe,Shy Cruxes,https://wiki.hypixel.net/Crux_Talisman,https://wiki.hypixel.net/images/a/a0/SkyBlock_items_crux_talisman_1.png
Crux Ring,UNCOMMON,Upgrade,Crux Talisman,https://wiki.hypixel.net/Crux_Ring,https://wiki.hypixel.net/images/e/e5/SkyBlock_items_crux_talisman_2.png
Crux Artifact,RARE,Upgrade,Crux Ring,https://wiki.hypixel.net/Crux_Artifact,https://wiki.hypixel.net/images/c/ca/SkyBlock_items_crux_talisman_3.png
Crux Relic,EPIC,Upgrade,Crux Artifact,https://wiki.hypixel.net/Crux_Relic,https://wiki.hypixel.net/images/d/d2/SkyBlock_items_crux_talisman_4.png
Crux Heirloom,LEGENDARY,Upgrade,Crux Relic,https://wiki.hypixel.net/Crux_Heirloom,https://wiki.hypixel.net/images/0/0a/SkyBlock_items_crux_talisman_5.png
Crux Chronomicon,MYTHIC,Upgrade,Crux Heirloom,https://wiki.hypixel.net/Crux_Chronomicon,https://wiki.hypixel.net/images/c/c5/SkyBlock_items_crux_talisman_6.png
Celestial Starstone,DIVINE,Upgrade,Crux Chronomicon,https://wiki.hypixel.net/Celestial_Starstone,https://wiki.hypixel.net/images/5/54/SkyBlock_items_crux_talisman_7.png
Harmonious Surgery Toolkit,UNCOMMON,Shop Purchase,Argofay Bugshopper,https://wiki.hypixel.net/Harmonious_Surgery_Toolkit,https://wiki.hypixel.net/images/2/2c/SkyBlock_items_harmonious_surgery_toolkit.png
Warding Trinket,EPIC,Reward,Sorcerer Okron,https://wiki.hypixel.net/Warding_Trinket,https://wiki.hypixel.net/images/d/dc/SkyBlock_items_warding_trinket.png
Defective Monitor,EPIC,Reward,Unhinged Kloon,https://wiki.hypixel.net/Defective_Monitor,https://wiki.hypixel.net/images/1/1d/SkyBlock_items_defective_monitor.png
Ring Of Broken Love,LEGENDARY,Reward,Detective Amog,https://wiki.hypixel.net/Ring_Of_Broken_Love,https://wiki.hypixel.net/images/5/5a/SkyBlock_items_ring_of_broken_love.png
Ring Of Eternal Love,LEGENDARY,Reward,Joliet,https://wiki.hypixel.net/Ring_Of_Eternal_Love,https://wiki.hypixel.net/images/6/63/SkyBlock_items_ring_of_eternal_love.png
Punchcard Artifact,EPIC,Auction,Barrier Street,https://wiki.hypixel.net/Punchcard_Artifact,https://wiki.hypixel.net/images/5/5a/SkyBlock_items_punchcard_artifact.png
Perma-Jelled Garlic-Flavored Re-Heated Gummy Polar Bear,EPIC,Crafting Recipe,Vampire Slayer,https://wiki.hypixel.net/Perma-Jelled_Garlic-Flavored_Re-Heated_Gummy_Polar_Bear,https://wiki.hypixel.net/images/7/7e/SkyBlock_items_garlic_flavored_gummy_bear.png
Combo Mania,UNCOMMON,Shop Purchase,Oruo The Almighty,https://wiki.hypixel.net/Combo_Mania,https://wiki.hypixel.net/images/a/ad/SkyBlock_items_combo_mania_talisman.png
Satelite,LEGENDARY,Crafting Recipe,Timite Collection V,https://wiki.hypixel.net/Satelite,https://wiki.hypixel.net/images/1/12/SkyBlock_items_satelite.png